ID_VENDA,ID_PRODUTO,ID_PLATAFORMA,VALOR,Data
1,10,2,59.99,2024-01-01
2,19,1,65.99,2024-01-01
3,18,3,49.99,2024-01-01
4,15,2,50.5,2024-01-01
5,11,1,51.0,2024-01-02
6,12,3,52.3,2024-01-02
7,16,1,53.75,2024-01-02
8,17,3,54.2,2024-01-03
9,14,2,55.9,2024-01-03
10,13,1,56.45,2024-01-03
11,9,3,57.8,2024-01-03
12,8,2,58.99,2024-01-04
13,7,1,50.75,2024-01-04
14,5,3,51.99,2024-01-04
15,6,2,52.49,2024-01-05
16,3,1,53.3,2024-01-05
17,4,3,54.99,2024-01-05
18,2,1,55.25,2024-01-05
19,1,3,56.7,2024-01-06
20,10,2,57.4,2024-01-06
21,19,1,58.1,2024-01-06
22,18,3,59.0,2024-01-07
23,15,2,49.99,2024-01-07
24,11,1,50.6,2024-01-07
25,12,3,51.2,2024-01-07
26,16,2,52.8,2024-01-08
27,17,1,53.1,2024-01-08
28,14,3,54.5,2024-01-08
29,13,1,55.99,2024-01-09
30,9,3,56.2,2024-01-09
31,8,2,57.99,2024-01-09
32,7,1,58.3,2024-01-09
33,5,3,50.1,2024-01-10
34,6,2,51.5,2024-01-10
35,3,1,52.99,2024-01-10
36,4,3,53.65,2024-01-11
37,2,2,54.75,2024-01-11
38,1,1,55.4,2024-01-11
39,7,3,56.9,2024-01-11
40,5,1,57.3,2024-01-12
41,6,3,58.6,2024-01-12
42,3,2,59.0,2024-01-12
43,4,1,49.99,2024-01-13
44,2,3,50.5,2024-01-13
45,1,2,51.0,2024-01-13
46,10,1,52.3,2024-01-13
47,19,3,53.75,2024-01-14
48,18,2,54.2,2024-01-14
49,15,1,55.9,2024-01-14
50,11,3,56.45,2024-01-15
51,12,1,57.8,2024-01-15
52,16,3,58.99,2024-01-15
53,7,2,50.75,2024-01-15
54,5,1,51.99,2024-01-16
55,6,3,52.49,2024-01-16
56,3,2,53.3,2024-01-16
57,4,1,54.99,2024-01-17
58,2,3,55.25,2024-01-17
59,1,2,56.7,2024-01-17
60,7,1,57.4,2024-01-17
61,5,3,58.1,2024-01-18
62,6,1,59.0,2024-01-18
63,3,3,49.99,2024-01-18
64,4,2,50.6,2024-01-19
65,2,1,51.2,2024-01-19
66,1,3,52.8,2024-01-19
67,10,2,53.1,2024-01-19
68,19,1,54.5,2024-01-20
69,18,3,55.99,2024-01-20
70,15,2,56.2,2024-01-20
71,11,1,57.99,2024-01-21
72,12,3,58.3,2024-01-21
73,16,1,50.1,2024-01-21
74,7,3,51.5,2024-01-21
75,5,2,52.99,2024-01-22
76,6,1,53.65,2024-01-22
77,3,3,54.75,2024-01-22
78,4,2,55.4,2024-01-23
79,2,1,56.9,2024-01-23
80,1,3,57.3,2024-01-23
81,7,2,58.6,2024-01-23
82,5,1,59.0,2024-01-24
83,6,3,59.99,2024-01-24
84,3,1,65.99,2024-01-24
85,4,3,49.99,2024-01-25
86,2,2,50.5,2024-01-25
87,1,1,51.0,2024-01-25
88,10,3,52.3,2024-01-25
89,19,2,53.75,2024-01-26
90,18,1,54.2,2024-01-26
91,15,3,55.9,2024-01-26
92,11,2,56.45,2024-01-27
93,12,1,57.8,2024-01-27
94,16,3,58.99,2024-01-27
95,16,1,50.75,2024-01-27
96,10,3,51.99,2024-01-28
97,19,2,52.49,2024-01-28
98,18,1,53.3,2024-01-28
99,15,3,54.99,2024-01-29
100,11,2,55.25,2024-01-29
101,12,1,56.7,2024-01-29
102,16,3,57.4,2024-01-29
103,17,2,58.1,2024-01-30
104,14,1,59.0,2024-01-30
105,13,3,49.99,2024-01-30
106,9,1,50.6,2024-01-31
107,8,3,51.2,2024-01-31
108,7,2,52.8,2024-01-31
109,5,1,53.1,2024-01-31
110,6,3,54.5,2024-02-01
111,3,2,55.99,2024-02-01
112,4,1,56.2,2024-02-01
113,2,3,57.99,2024-02-01
114,1,2,58.3,2024-02-02
115,10,1,50.1,2024-02-02
116,19,3,51.5,2024-02-02
117,18,1,52.99,2024-02-03
118,15,3,53.65,2024-02-03
119,11,2,54.75,2024-02-03
120,12,1,55.4,2024-02-03
121,16,3,56.9,2024-02-04
122,17,2,57.3,2024-02-04
123,14,1,58.6,2024-02-04
124,13,3,59.0,2024-02-05
125,9,2,49.99,2024-02-05
126,8,1,50.5,2024-02-05
127,7,3,51.0,2024-02-05
128,5,1,52.3,2024-02-06
129,6,3,53.75,2024-02-06
130,3,2,54.2,2024-02-06
131,4,1,55.9,2024-02-07
132,2,3,56.45,2024-02-07
133,1,2,57.8,2024-02-07
134,7,1,58.99,2024-02-07
135,5,3,50.75,2024-02-08
136,6,2,51.99,2024-02-08
137,3,1,52.49,2024-02-08
138,4,3,53.3,2024-02-09
139,2,1,54.99,2024-02-09
140,1,3,55.25,2024-02-09
141,10,2,56.7,2024-02-09
142,19,1,57.4,2024-02-10
143,18,3,58.1,2024-02-10
144,15,2,59.0,2024-02-10
145,11,1,49.99,2024-02-11
146,12,3,50.6,2024-02-11
147,16,2,51.2,2024-02-11
148,7,1,52.8,2024-02-11
149,5,3,53.1,2024-02-12
150,6,1,54.5,2024-02-12
151,3,3,55.99,2024-02-12
152,4,2,56.2,2024-02-13
153,2,1,57.99,2024-02-13
154,1,3,58.3,2024-02-13
155,7,2,50.1,2024-02-13
156,5,1,51.5,2024-02-14
157,6,3,52.99,2024-02-14
158,3,2,53.65,2024-02-14
159,4,1,54.75,2024-02-15
160,2,3,55.4,2024-02-15
161,1,1,56.9,2024-02-15
162,10,3,57.3,2024-02-15
163,19,2,58.6,2024-02-16
164,18,1,59.0,2024-02-16
165,15,3,59.0,2024-02-16
166,11,2,59.99,2024-02-17
167,12,1,65.99,2024-02-17
168,16,3,49.99,2024-02-17
169,7,2,50.5,2024-02-17
170,5,1,51.0,2024-02-18
171,6,3,52.3,2024-02-18
172,3,1,53.75,2024-02-18
173,4,3,54.2,2024-02-19
174,2,2,55.9,2024-02-19
175,1,1,56.45,2024-02-19
176,7,3,57.8,2024-02-19
177,5,2,58.99,2024-02-20
178,6,1,50.75,2024-02-20
179,3,3,51.99,2024-02-20
180,4,2,52.49,2024-02-21
181,2,1,53.3,2024-02-21
182,1,3,54.99,2024-02-21
183,10,1,55.25,2024-02-21
184,19,3,56.7,2024-02-22
185,18,2,57.4,2024-02-22
186,15,1,58.1,2024-02-22
187,11,3,59.0,2024-02-23
188,12,2,49.99,2024-02-23
189,16,1,50.6,2024-02-23
190,15,3,51.2,2024-02-23
191,10,2,52.8,2024-02-24
192,19,1,53.1,2024-02-24
193,18,3,54.5,2024-02-24
194,15,1,55.99,2024-02-25
195,11,3,56.2,2024-02-25
196,12,2,57.99,2024-02-25
197,16,1,58.3,2024-02-25
198,17,3,50.1,2024-02-26
199,14,2,51.5,2024-02-26
200,13,1,52.99,2024-02-26
201,9,3,53.65,2024-02-27
202,8,2,54.75,2024-02-27
203,7,1,55.4,2024-02-27
204,5,3,56.9,2024-02-27
205,6,1,57.3,2024-02-28
206,3,3,58.6,2024-02-28
207,4,2,59.0,2024-02-28
208,2,1,49.99,2024-02-29
209,1,3,50.5,2024-02-29
210,10,2,51.0,2024-02-29
211,19,1,52.3,2024-02-29
212,18,3,53.75,2024-03-01
213,15,2,54.2,2024-03-01
214,11,1,55.9,2024-03-01
215,12,3,56.45,2024-03-01
216,16,1,57.8,2024-03-02
217,17,3,58.99,2024-03-02
218,14,2,50.75,2024-03-02
219,13,1,51.99,2024-03-03
220,9,3,52.49,2024-03-03
221,8,2,53.3,2024-03-03
222,7,1,54.99,2024-03-03
223,5,3,55.25,2024-03-04
224,6,2,56.7,2024-03-04
225,3,1,57.4,2024-03-04
226,4,3,58.1,2024-03-05
227,2,1,59.0,2024-03-05
228,1,3,49.99,2024-03-05
229,7,2,50.6,2024-03-05
230,5,1,51.2,2024-03-06
231,6,3,52.8,2024-03-06
232,3,2,53.1,2024-03-06
233,4,1,54.5,2024-03-07
234,2,3,55.99,2024-03-07
235,1,2,56.2,2024-03-07
236,10,1,57.99,2024-03-07
237,19,3,58.3,2024-03-08
238,18,1,50.1,2024-03-08
239,15,3,51.5,2024-03-08
240,11,2,52.99,2024-03-09
241,12,1,53.65,2024-03-09
242,16,3,54.75,2024-03-09
243,7,2,55.4,2024-03-09
244,5,1,56.9,2024-03-10
245,6,3,57.3,2024-03-10
246,3,2,58.6,2024-03-10
247,4,1,59.0,2024-03-11
248,2,3,59.99,2024-03-11
249,1,1,65.99,2024-03-11
250,7,3,49.99,2024-03-11
251,5,2,50.5,2024-03-12
252,6,1,51.0,2024-03-12
253,3,3,52.3,2024-03-12
254,4,2,53.75,2024-03-13
255,2,1,54.2,2024-03-13
256,1,3,55.9,2024-03-13
257,10,2,56.45,2024-03-13
258,19,1,57.8,2024-03-14
259,18,3,58.99,2024-03-14
260,15,1,50.75,2024-03-14
261,11,3,51.99,2024-03-15
262,12,2,52.49,2024-03-15
263,16,1,53.3,2024-03-15
264,7,3,54.99,2024-03-15
265,5,2,55.25,2024-03-16
266,6,1,56.7,2024-03-16
267,3,3,57.4,2024-03-16
268,4,2,58.1,2024-03-17
269,2,1,59.0,2024-03-17
270,1,3,49.99,2024-03-17
271,7,1,50.6,2024-03-17
272,5,3,51.2,2024-03-18
273,6,2,52.8,2024-03-18
274,3,1,53.1,2024-03-18
275,4,3,54.5,2024-03-19
276,2,2,55.99,2024-03-19
277,1,1,56.2,2024-03-19
278,10,3,57.99,2024-03-19
279,19,2,58.3,2024-03-20
280,18,1,50.1,2024-03-20
281,15,3,51.5,2024-03-20
282,11,1,52.99,2024-03-21
283,12,3,53.65,2024-03-21
284,16,2,54.75,2024-03-21
285,16,1,55.4,2024-03-21
286,10,3,56.9,2024-03-22
287,19,2,57.3,2024-03-22
288,18,1,58.6,2024-03-22
289,15,3,59.0,2024-03-23
290,11,2,49.99,2024-03-23
291,12,1,50.5,2024-03-23
292,16,3,51.0,2024-03-23
293,17,1,52.3,2024-03-24
294,14,3,53.75,2024-03-24
295,13,2,54.2,2024-03-24
296,9,1,55.9,2024-03-25
297,8,3,56.45,2024-03-25
298,7,2,57.8,2024-03-25
299,5,1,58.99,2024-03-25
300,6,3,50.75,2024-03-26
301,3,2,51.99,2024-03-26
302,4,1,52.49,2024-03-26
303,2,3,53.3,2024-03-27
304,1,1,54.99,2024-03-27
305,10,3,55.25,2024-03-27
306,19,2,56.7,2024-03-27
307,18,1,57.4,2024-03-28
308,15,3,58.1,2024-03-28
309,11,2,59.0,2024-03-28
310,12,1,49.99,2024-03-29
311,16,3,50.6,2024-03-29
312,17,2,51.2,2024-03-29
313,14,1,52.8,2024-03-29
314,13,3,53.1,2024-03-30
315,9,1,54.5,2024-03-30
316,8,3,55.99,2024-03-30
317,7,2,56.2,2024-03-31
318,5,1,57.99,2024-03-31
319,6,3,58.3,2024-03-31
320,3,2,50.1,2024-03-31
321,4,1,51.5,2024-04-01
322,2,3,52.99,2024-04-01
323,1,2,53.65,2024-04-01
324,7,1,54.75,2024-04-01
325,5,3,55.4,2024-04-02
326,6,1,56.9,2024-04-02
327,3,3,57.3,2024-04-02
328,4,2,58.6,2024-04-03
329,2,1,59.0,2024-04-03
330,1,3,56.9,2024-04-03
331,10,2,59.99,2024-04-03
332,19,1,65.99,2024-04-04
333,18,3,49.99,2024-04-04
334,15,2,50.5,2024-04-04
335,11,1,51.0,2024-04-05
336,12,3,52.3,2024-04-05
337,16,1,53.75,2024-04-05
338,7,3,54.2,2024-04-05
339,5,2,55.9,2024-04-06
340,6,1,56.45,2024-04-06
341,3,3,57.8,2024-04-06
342,4,2,58.99,2024-04-07
343,2,1,50.75,2024-04-07
344,1,3,51.99,2024-04-07
345,7,2,52.49,2024-04-07
346,5,1,53.3,2024-04-08
347,6,3,54.99,2024-04-08
348,3,1,55.25,2024-04-08
349,4,3,56.7,2024-04-09
350,2,2,57.4,2024-04-09
351,1,1,58.1,2024-04-09
352,10,3,59.0,2024-04-09
353,19,2,49.99,2024-04-10
354,18,1,50.6,2024-04-10
355,15,3,51.2,2024-04-10
356,11,2,52.8,2024-04-11
357,12,1,53.1,2024-04-11
358,16,3,54.5,2024-04-11
359,7,1,55.99,2024-04-11
360,5,3,56.2,2024-04-12
361,6,2,57.99,2024-04-12
362,3,1,58.3,2024-04-12
363,4,3,50.1,2024-04-13
364,2,2,51.5,2024-04-13
365,1,1,52.99,2024-04-13
366,7,3,53.65,2024-04-13
367,5,2,54.75,2024-04-14
368,6,1,55.4,2024-04-14
369,3,3,56.9,2024-04-14
370,4,1,57.3,2024-04-15
371,2,3,58.6,2024-04-15
372,1,2,59.0,2024-04-15
373,10,1,49.99,2024-04-15
374,19,3,50.5,2024-04-16
375,18,2,51.0,2024-04-16
376,15,1,52.3,2024-04-16
377,11,3,53.75,2024-04-17
378,12,2,54.2,2024-04-17
379,16,1,55.9,2024-04-17
380,12,3,56.45,2024-04-17
381,10,1,57.8,2024-04-18
382,19,3,58.99,2024-04-18
383,18,2,50.75,2024-04-18
384,15,1,51.99,2024-04-19
385,11,3,52.49,2024-04-19
386,12,2,53.3,2024-04-19
387,16,1,54.99,2024-04-19
388,17,3,55.25,2024-04-20
389,14,2,56.7,2024-04-20
390,13,1,57.4,2024-04-20
391,9,3,58.1,2024-04-21
392,8,1,59.0,2024-04-21
393,7,3,49.99,2024-04-21
394,5,2,50.6,2024-04-21
395,6,1,51.2,2024-04-22
396,3,3,52.8,2024-04-22
397,4,2,53.1,2024-04-22
398,2,1,54.5,2024-04-23
399,1,3,55.99,2024-04-23
400,10,2,56.2,2024-04-23
401,19,1,57.99,2024-04-23
402,18,3,58.3,2024-04-24
403,15,1,50.1,2024-04-24
404,11,3,51.5,2024-04-24
405,12,2,52.99,2024-04-25
406,16,1,53.65,2024-04-25
407,17,3,54.75,2024-04-25
408,14,2,55.4,2024-04-25
409,13,1,56.9,2024-04-26
410,9,3,57.3,2024-04-26
411,8,2,58.6,2024-04-26
412,7,1,59.0,2024-04-27
413,5,3,59.99,2024-04-27
414,6,1,65.99,2024-04-27
415,3,3,49.99,2024-04-27
416,4,2,50.5,2024-04-28
417,2,1,51.0,2024-04-28
418,1,3,52.3,2024-04-28
419,7,2,53.75,2024-04-29
420,5,1,54.2,2024-04-29
421,6,3,55.9,2024-04-29
422,3,2,56.45,2024-04-29
423,4,1,57.8,2024-04-30
424,2,3,58.99,2024-04-30
425,1,1,50.75,2024-04-30
426,10,3,51.99,2024-05-01
427,19,2,52.49,2024-05-01
428,18,1,53.3,2024-05-01
429,15,3,54.99,2024-05-01
430,11,2,55.25,2024-05-02
431,12,1,56.7,2024-05-02
432,16,3,57.4,2024-05-02
433,7,2,58.1,2024-05-03
434,5,1,59.0,2024-05-03
435,6,3,49.99,2024-05-03
436,3,1,50.6,2024-05-03
437,4,3,51.2,2024-05-04
438,2,2,52.8,2024-05-04
439,1,1,53.1,2024-05-04
440,7,3,54.5,2024-05-05
441,5,2,55.99,2024-05-05
442,6,1,56.2,2024-05-05
443,3,3,57.99,2024-05-05
444,4,2,58.3,2024-05-06
445,2,1,50.1,2024-05-06
446,1,3,51.5,2024-05-06
447,10,1,52.99,2024-05-07
448,19,3,53.65,2024-05-07
449,18,2,54.75,2024-05-07
450,15,1,55.4,2024-05-07
451,11,3,56.9,2024-05-08
452,12,2,57.3,2024-05-08
453,16,1,58.6,2024-05-08
454,7,3,59.0,2024-05-09
455,5,2,49.99,2024-05-09
456,6,1,50.5,2024-05-09
457,3,3,51.0,2024-05-09
458,4,1,52.3,2024-05-10
459,2,3,53.75,2024-05-10
460,1,2,54.2,2024-05-10
461,7,1,55.9,2024-05-11
462,5,3,56.45,2024-05-11
463,6,2,57.8,2024-05-11
464,3,1,58.99,2024-05-11
465,4,3,50.75,2024-05-12
466,2,2,51.99,2024-05-12
467,1,1,52.49,2024-05-12
468,10,3,53.3,2024-05-13
469,19,1,54.99,2024-05-13
470,18,3,55.25,2024-05-13
471,15,2,56.7,2024-05-13
472,11,1,57.4,2024-05-14
473,12,3,58.1,2024-05-14
474,16,2,59.0,2024-05-14
475,16,1,49.99,2024-05-15
476,10,3,50.6,2024-05-15
477,19,2,51.2,2024-05-15
478,18,1,52.8,2024-05-15
479,15,3,53.1,2024-05-16
480,11,1,54.5,2024-05-16
481,12,3,55.99,2024-05-16
482,16,2,56.2,2024-05-17
483,17,1,57.99,2024-05-17
484,14,3,58.3,2024-05-17
485,13,2,50.1,2024-05-17
486,9,1,51.5,2024-05-18
487,8,3,52.99,2024-05-18
488,7,2,53.65,2024-05-18
489,5,1,54.75,2024-05-19
490,6,3,55.4,2024-05-19
491,3,1,56.9,2024-05-19
492,4,3,57.3,2024-05-19
493,2,2,58.6,2024-05-20
494,1,1,59.0,2024-05-20
495,10,3,59.0,2024-05-20
496,19,2,59.99,2024-05-21
497,18,1,65.99,2024-05-21
498,15,3,49.99,2024-05-21
499,11,2,50.5,2024-05-21
500,12,1,51.0,2024-05-22
501,16,3,52.3,2024-05-22
502,17,1,53.75,2024-05-22
503,14,3,54.2,2024-05-23
504,13,2,55.9,2024-05-23
505,9,1,56.45,2024-05-23
506,8,3,57.8,2024-05-23
507,7,2,58.99,2024-05-24
508,5,1,50.75,2024-05-24
509,6,3,51.99,2024-05-24
510,3,2,52.49,2024-05-25
511,4,1,53.3,2024-05-25
512,2,3,54.99,2024-05-25
513,1,1,55.25,2024-05-25
514,7,3,56.7,2024-05-26
515,5,2,57.4,2024-05-26
516,6,1,58.1,2024-05-26
517,3,3,59.0,2024-05-27
518,4,2,49.99,2024-05-27
519,2,1,50.6,2024-05-27
520,1,3,51.2,2024-05-27
521,10,2,52.8,2024-05-28
522,19,1,53.1,2024-05-28
523,18,3,54.5,2024-05-28
524,15,1,55.99,2024-05-29
525,11,3,56.2,2024-05-29
526,12,2,57.99,2024-05-29
527,16,1,58.3,2024-05-29
528,7,3,50.1,2024-05-30
529,5,3,51.5,2024-05-30
530,6,2,52.99,2024-05-30
531,3,1,53.65,2024-05-31
532,4,3,54.75,2024-05-31
533,2,2,55.4,2024-05-31
534,1,1,56.9,2024-05-31
535,7,3,57.3,2024-06-01
536,5,1,58.6,2024-06-01
537,6,3,59.0,2024-06-01
538,3,2,49.99,2024-06-01
539,4,1,50.5,2024-06-02
540,2,3,51.0,2024-06-02
541,1,2,52.3,2024-06-02
542,10,1,53.75,2024-06-03
543,19,3,54.2,2024-06-03
544,18,2,55.9,2024-06-03
545,15,1,56.45,2024-06-03
546,11,3,57.8,2024-06-04
547,12,1,58.99,2024-06-04
548,16,3,50.75,2024-06-04
549,7,2,51.99,2024-06-05
550,5,1,52.49,2024-06-05
551,6,3,53.3,2024-06-05
552,3,2,54.99,2024-06-05
553,4,1,55.25,2024-06-06
554,2,3,56.7,2024-06-06
555,1,2,57.4,2024-06-06
556,7,1,58.1,2024-06-07
557,5,3,59.0,2024-06-07
558,6,1,49.99,2024-06-07
559,3,3,50.6,2024-06-07
560,4,2,51.2,2024-06-08
561,2,1,52.8,2024-06-08
562,1,3,53.1,2024-06-08
563,10,2,54.5,2024-06-09
564,19,1,55.99,2024-06-09
565,18,3,56.2,2024-06-09
566,15,2,57.99,2024-06-09
567,11,1,58.3,2024-06-10
568,12,3,50.1,2024-06-10
569,16,1,51.5,2024-06-10
570,15,3,52.99,2024-06-11
571,10,2,53.65,2024-06-11
572,19,1,54.75,2024-06-11
573,18,3,55.4,2024-06-11
574,15,2,56.9,2024-06-12
575,11,1,57.3,2024-06-12
576,12,3,58.6,2024-06-12
577,16,2,59.0,2024-06-13
578,17,1,59.99,2024-06-13
579,14,3,65.99,2024-06-13
580,13,1,49.99,2024-06-13
581,9,3,50.5,2024-06-14
582,8,2,51.0,2024-06-14
583,7,1,52.3,2024-06-14
584,5,3,53.75,2024-06-15
585,6,2,54.2,2024-06-15
586,3,1,55.9,2024-06-15
587,4,3,56.45,2024-06-15
588,2,2,57.8,2024-06-16
589,1,1,58.99,2024-06-16
590,10,3,50.75,2024-06-16
591,19,1,51.99,2024-06-17
592,18,3,52.49,2024-06-17
593,15,2,53.3,2024-06-17
594,11,1,54.99,2024-06-17
595,12,3,55.25,2024-06-18
596,16,3,56.7,2024-06-18
597,17,2,57.4,2024-06-18
598,14,1,58.1,2024-06-19
599,13,3,59.0,2024-06-19
600,9,2,49.99,2024-06-19
601,8,1,50.6,2024-06-19
602,7,3,51.2,2024-06-20
603,5,1,52.8,2024-06-20
604,6,3,53.1,2024-06-20
605,3,2,54.5,2024-06-21
606,4,1,55.99,2024-06-21
607,2,3,56.2,2024-06-21
608,1,2,57.99,2024-06-21
609,7,1,58.3,2024-06-22
610,5,3,50.1,2024-06-22
611,6,2,51.5,2024-06-22
612,3,1,52.99,2024-06-23
613,4,3,53.65,2024-06-23
614,2,1,54.75,2024-06-23
615,1,3,55.4,2024-06-23
616,10,2,56.9,2024-06-24
617,19,1,57.3,2024-06-24
618,18,3,58.6,2024-06-24
619,15,2,59.0,2024-06-25
620,11,1,49.99,2024-06-25
621,12,3,50.5,2024-06-25
622,16,2,51.0,2024-06-25
623,7,1,52.3,2024-06-26
624,5,3,53.75,2024-06-26
625,6,1,54.2,2024-06-26
626,3,3,55.9,2024-06-27
627,4,2,56.45,2024-06-27
628,2,1,57.8,2024-06-27
629,1,3,58.99,2024-06-27
630,7,2,50.75,2024-06-28
631,5,1,51.99,2024-06-28
632,6,3,52.49,2024-06-28
633,3,2,53.3,2024-06-29
634,4,1,54.99,2024-06-29
635,2,3,55.25,2024-06-29
636,1,1,56.7,2024-06-29
637,10,3,57.4,2024-06-30
638,19,2,58.1,2024-06-30
639,18,1,59.0,2024-06-30
640,15,3,49.99,2024-07-01
641,11,2,50.6,2024-07-01
642,12,1,51.2,2024-07-01
643,16,3,52.8,2024-07-01
644,7,2,53.1,2024-07-02
645,5,1,54.5,2024-07-02
646,6,3,55.99,2024-07-02
647,3,1,56.2,2024-07-03
648,4,3,57.99,2024-07-03
649,2,2,58.3,2024-07-03
650,1,1,50.1,2024-07-03
651,7,3,51.5,2024-07-04
652,5,2,52.99,2024-07-04
653,6,1,53.65,2024-07-04
654,3,3,54.75,2024-07-05
655,4,2,55.4,2024-07-05
656,2,1,56.9,2024-07-05
657,1,3,57.3,2024-07-05
658,10,1,58.6,2024-07-06
659,19,3,59.0,2024-07-06
660,18,2,59.99,2024-07-06
661,15,1,59.99,2024-07-07
662,11,3,65.99,2024-07-07
663,12,1,49.99,2024-07-07
664,16,3,50.5,2024-07-07
665,16,2,51.0,2024-07-08
666,10,1,52.3,2024-07-08
667,19,3,53.75,2024-07-08
668,18,2,54.2,2024-07-09
669,15,1,55.9,2024-07-09
670,11,3,56.45,2024-07-09
671,12,2,57.8,2024-07-09
672,16,1,58.99,2024-07-10
673,17,3,50.75,2024-07-10
674,14,1,51.99,2024-07-10
675,13,3,52.49,2024-07-11
676,9,2,53.3,2024-07-11
677,8,1,54.99,2024-07-11
678,7,3,55.25,2024-07-11
679,5,2,56.7,2024-07-12
680,6,1,57.4,2024-07-12
681,3,3,58.1,2024-07-12
682,4,2,59.0,2024-07-13
683,2,1,49.99,2024-07-13
684,1,3,50.6,2024-07-13
685,10,1,51.2,2024-07-13
686,19,3,52.8,2024-07-14
687,18,2,53.1,2024-07-14
688,15,1,54.5,2024-07-14
689,11,3,55.99,2024-07-15
690,12,2,56.2,2024-07-15
691,16,1,57.99,2024-07-15
692,17,3,58.3,2024-07-15
693,14,2,50.1,2024-07-16
694,13,1,51.5,2024-07-16
695,9,3,52.99,2024-07-16
696,8,1,53.65,2024-07-17
697,7,3,54.75,2024-07-17
698,5,2,55.4,2024-07-17
699,6,1,56.9,2024-07-17
700,3,3,57.3,2024-07-18
701,4,2,58.6,2024-07-18
702,2,1,59.0,2024-07-18
703,1,3,49.99,2024-07-19
704,7,2,50.5,2024-07-19
705,5,1,51.0,2024-07-19
706,6,3,52.3,2024-07-19
707,3,1,53.75,2024-07-20
708,4,3,54.2,2024-07-20
709,2,2,55.9,2024-07-20
710,1,1,56.45,2024-07-21
711,10,3,57.8,2024-07-21
712,19,2,58.99,2024-07-21
713,18,1,50.75,2024-07-21
714,15,3,51.99,2024-07-22
715,11,2,52.49,2024-07-22
716,12,1,53.3,2024-07-22
717,16,3,54.99,2024-07-23
718,7,1,55.25,2024-07-23
719,5,3,56.7,2024-07-23
720,6,2,57.4,2024-07-23
721,3,1,58.1,2024-07-24
722,4,3,59.0,2024-07-24
723,2,2,49.99,2024-07-24
724,1,1,50.6,2024-07-25
725,7,3,51.2,2024-07-25
726,5,2,52.8,2024-07-25
727,6,1,53.1,2024-07-25
728,3,3,54.5,2024-07-26
729,4,1,55.99,2024-07-26
730,2,3,56.2,2024-07-26
731,1,2,57.99,2024-07-27
732,10,1,58.3,2024-07-27
733,19,3,50.1,2024-07-27
734,18,2,51.5,2024-07-27
735,15,1,52.99,2024-07-28
736,11,3,53.65,2024-07-28
737,12,2,54.75,2024-07-28
738,16,1,55.4,2024-07-29
739,7,3,56.9,2024-07-29
740,5,1,57.3,2024-07-29
741,6,3,58.6,2024-07-29
742,3,2,59.0,2024-07-30
743,4,1,59.99,2024-07-30
744,2,3,65.99,2024-07-30
745,1,2,49.99,2024-07-31
746,7,1,50.5,2024-07-31
747,5,3,51.0,2024-07-31
748,6,2,52.3,2024-07-31
749,3,1,53.75,2024-08-01
750,4,3,54.2,2024-08-01
751,2,1,55.9,2024-08-01
752,1,3,56.45,2024-08-01
753,10,2,57.8,2024-08-02
754,19,1,58.99,2024-08-02
755,18,3,50.75,2024-08-02
756,15,2,51.99,2024-08-03
757,11,1,52.49,2024-08-03
758,12,3,53.3,2024-08-03
759,16,2,54.99,2024-08-03
760,1,1,55.25,2024-08-04
761,10,3,56.7,2024-08-04
762,19,1,57.4,2024-08-04
763,18,3,58.1,2024-08-05
764,15,2,59.0,2024-08-05
765,11,1,49.99,2024-08-05
766,12,3,50.6,2024-08-05
767,16,2,51.2,2024-08-06
768,17,1,52.8,2024-08-06
769,14,3,53.1,2024-08-06
770,13,2,54.5,2024-08-07
771,9,1,55.99,2024-08-07
772,8,3,56.2,2024-08-07
773,7,1,57.99,2024-08-07
774,5,3,58.3,2024-08-08
775,6,2,50.1,2024-08-08
776,3,1,51.5,2024-08-08
777,4,3,52.99,2024-08-09
778,2,2,53.65,2024-08-09
779,1,1,54.75,2024-08-09
780,10,3,55.4,2024-08-09
781,19,2,56.9,2024-08-10
782,18,1,57.3,2024-08-10
783,15,3,58.6,2024-08-10
784,11,1,59.0,2024-08-11
785,12,3,49.99,2024-08-11
786,16,2,50.5,2024-08-11
787,17,1,51.0,2024-08-11
788,14,3,52.3,2024-08-12
789,13,2,53.75,2024-08-12
790,9,1,54.2,2024-08-12
791,8,3,55.9,2024-08-13
792,7,2,56.45,2024-08-13
793,5,1,57.8,2024-08-13
794,6,3,58.99,2024-08-13
795,3,1,50.75,2024-08-14
796,4,3,51.99,2024-08-14
797,2,2,52.49,2024-08-14
798,1,1,53.3,2024-08-15
799,7,3,54.99,2024-08-15
800,5,2,55.25,2024-08-15
801,6,1,56.7,2024-08-15
802,3,3,57.4,2024-08-16
803,4,2,58.1,2024-08-16
804,2,1,59.0,2024-08-16
805,1,3,49.99,2024-08-17
806,10,1,50.6,2024-08-17
807,19,3,51.2,2024-08-17
808,18,2,52.8,2024-08-17
809,15,1,53.1,2024-08-18
810,11,3,54.5,2024-08-18
811,12,2,55.99,2024-08-18
812,16,1,56.2,2024-08-19
813,7,3,57.99,2024-08-19
814,5,2,58.3,2024-08-19
815,6,1,50.1,2024-08-19
816,3,3,51.5,2024-08-20
817,4,1,52.99,2024-08-20
818,2,3,53.65,2024-08-20
819,1,2,54.75,2024-08-21
820,7,1,55.4,2024-08-21
821,5,3,56.9,2024-08-21
822,6,2,57.3,2024-08-21
823,3,1,58.6,2024-08-22
824,4,3,59.0,2024-08-22
825,2,2,59.0,2024-08-22
826,1,1,59.99,2024-08-23
827,10,3,65.99,2024-08-23
828,19,1,49.99,2024-08-23
829,18,3,50.5,2024-08-23
830,15,2,51.0,2024-08-24
831,11,1,52.3,2024-08-24
832,12,3,53.75,2024-08-24
833,16,2,54.2,2024-08-25
834,7,1,55.9,2024-08-25
835,5,3,56.45,2024-08-25
836,6,2,57.8,2024-08-25
837,3,1,58.99,2024-08-26
838,4,3,50.75,2024-08-26
839,2,1,51.99,2024-08-26
840,1,3,52.49,2024-08-27
841,7,2,53.3,2024-08-27
842,5,1,54.99,2024-08-27
843,6,3,55.25,2024-08-27
844,3,2,56.7,2024-08-28
845,4,1,57.4,2024-08-28
846,2,3,58.1,2024-08-28
847,1,2,59.0,2024-08-29
848,10,1,49.99,2024-08-29
849,19,3,50.6,2024-08-29
850,18,1,51.2,2024-08-29
851,15,3,52.8,2024-08-30
852,11,2,53.1,2024-08-30
853,12,1,54.5,2024-08-30
854,16,3,55.99,2024-08-31
855,16,2,56.2,2024-08-31
856,10,1,57.99,2024-08-31
857,19,3,58.3,2024-08-31
858,18,2,50.1,2024-09-01
859,15,1,51.5,2024-09-01
860,11,3,52.99,2024-09-01
861,12,1,53.65,2024-09-01
862,16,3,54.75,2024-09-02
863,17,2,55.4,2024-09-02
864,14,1,56.9,2024-09-02
865,13,3,57.3,2024-09-03
866,9,2,58.6,2024-09-03
867,8,1,59.0,2024-09-03
868,7,3,49.99,2024-09-03
869,5,2,50.5,2024-09-04
870,6,1,51.0,2024-09-04
871,3,3,52.3,2024-09-04
872,4,1,53.75,2024-09-05
873,2,3,54.2,2024-09-05
874,1,2,55.9,2024-09-05
875,10,1,56.45,2024-09-05
876,19,3,57.8,2024-09-06
877,18,2,58.99,2024-09-06
878,15,1,50.75,2024-09-06
879,11,3,51.99,2024-09-07
880,12,2,52.49,2024-09-07
881,16,1,53.3,2024-09-07
882,17,3,54.99,2024-09-07
883,14,1,55.25,2024-09-08
884,13,3,56.7,2024-09-08
885,9,2,57.4,2024-09-08
886,8,1,58.1,2024-09-09
887,7,3,59.0,2024-09-09
888,5,3,49.99,2024-09-09
889,6,2,50.6,2024-09-09
890,3,1,51.2,2024-09-10
891,4,3,52.8,2024-09-10
892,2,2,53.1,2024-09-10
893,1,1,54.5,2024-09-11
894,7,3,55.99,2024-09-11
895,5,1,56.2,2024-09-11
896,6,3,57.99,2024-09-11
897,3,2,58.3,2024-09-12
898,4,1,50.1,2024-09-12
899,2,3,51.5,2024-09-12
900,1,2,52.99,2024-09-13
901,10,1,53.65,2024-09-13
902,19,3,54.75,2024-09-13
903,18,2,55.4,2024-09-13
904,15,1,56.9,2024-09-14
905,11,3,57.3,2024-09-14
906,12,1,58.6,2024-09-14
907,16,3,59.0,2024-09-15
908,7,2,59.99,2024-09-15
909,5,1,65.99,2024-09-15
910,6,3,49.99,2024-09-15
911,3,2,50.5,2024-09-16
912,4,1,51.0,2024-09-16
913,2,3,52.3,2024-09-16
914,1,2,53.75,2024-09-17
915,7,1,54.2,2024-09-17
916,5,3,55.9,2024-09-17
917,6,1,56.45,2024-09-17
918,3,3,57.8,2024-09-18
919,4,2,58.99,2024-09-18
920,2,1,50.75,2024-09-18
921,1,3,51.99,2024-09-19
922,10,2,52.49,2024-09-19
923,19,1,53.3,2024-09-19
924,18,3,54.99,2024-09-19
925,15,2,55.25,2024-09-20
926,11,1,56.7,2024-09-20
927,12,3,57.4,2024-09-20
928,16,1,58.1,2024-09-21
929,7,3,59.0,2024-09-21
930,5,2,49.99,2024-09-21
931,6,1,50.6,2024-09-21
932,3,3,51.2,2024-09-22
933,4,2,52.8,2024-09-22
934,2,1,53.1,2024-09-22
935,1,3,54.5,2024-09-23
936,7,2,55.99,2024-09-23
937,5,1,56.2,2024-09-23
938,6,3,57.99,2024-09-23
939,3,1,58.3,2024-09-24
940,4,3,50.1,2024-09-24
941,2,2,51.5,2024-09-24
942,1,1,52.99,2024-09-25
943,10,3,53.65,2024-09-25
944,19,2,54.75,2024-09-25
945,18,1,55.4,2024-09-25
946,15,3,56.9,2024-09-26
947,11,2,57.3,2024-09-26
948,12,1,58.6,2024-09-26
949,16,3,59.0,2024-09-27
950,15,1,49.99,2024-09-27
951,10,3,50.5,2024-09-27
952,19,2,51.0,2024-09-27
953,18,1,52.3,2024-09-28
954,15,3,53.75,2024-09-28
955,11,3,54.2,2024-09-28
956,12,2,55.9,2024-09-29
957,16,1,56.45,2024-09-29
958,17,3,57.8,2024-09-29
959,14,2,58.99,2024-09-29
960,13,1,50.75,2024-09-30
961,9,3,51.99,2024-09-30
962,8,1,52.49,2024-09-30
963,7,3,53.3,2024-10-01
964,5,2,54.99,2024-10-01
965,6,1,55.25,2024-10-01
966,3,3,56.7,2024-10-01
967,4,2,57.4,2024-10-02
968,2,1,58.1,2024-10-02
969,1,3,59.0,2024-10-02
970,10,2,49.99,2024-10-03
971,19,1,50.6,2024-10-03
972,18,3,51.2,2024-10-03
973,15,1,52.8,2024-10-03
974,11,3,53.1,2024-10-04
975,12,2,54.5,2024-10-04
976,16,1,55.99,2024-10-04
977,17,3,56.2,2024-10-05
978,14,2,57.99,2024-10-05
979,13,1,58.3,2024-10-05
980,9,3,50.1,2024-10-05
981,8,2,51.5,2024-10-06
982,7,1,52.99,2024-10-06
983,5,3,53.65,2024-10-06
984,6,1,54.75,2024-10-07
985,3,3,55.4,2024-10-07
986,4,2,56.9,2024-10-07
987,2,1,57.3,2024-10-07
988,1,3,58.6,2024-10-08
989,7,2,59.0,2024-10-08
990,5,1,56.9,2024-10-08
991,6,3,59.99,2024-10-09
992,3,2,65.99,2024-10-09
993,4,1,49.99,2024-10-09
994,2,3,50.5,2024-10-09
995,1,1,51.0,2024-10-10
996,10,3,52.3,2024-10-10
997,19,2,53.75,2024-10-10
998,18,1,54.2,2024-10-11
999,15,3,55.9,2024-10-11
1000,11,2,56.45,2024-10-11
1001,12,1,57.8,2024-10-11
1002,16,3,58.99,2024-10-12
1003,7,2,50.75,2024-10-12
1004,5,1,51.99,2024-10-12
1005,6,3,52.49,2024-10-13
1006,3,1,53.3,2024-10-13
1007,4,3,54.99,2024-10-13
1008,2,2,55.25,2024-10-13
1009,1,1,56.7,2024-10-14
1010,7,3,57.4,2024-10-14
1011,5,2,58.1,2024-10-14
1012,6,1,59.0,2024-10-15
1013,3,3,49.99,2024-10-15
1014,4,2,50.6,2024-10-15
1015,2,1,51.2,2024-10-15
1016,1,3,52.8,2024-10-16
1017,10,1,53.1,2024-10-16
1018,19,3,54.5,2024-10-16
1019,18,2,55.99,2024-10-17
1020,15,1,56.2,2024-10-17
1021,11,3,57.99,2024-10-17
1022,12,2,58.3,2024-10-17
1023,16,1,50.1,2024-10-18
1024,7,3,51.5,2024-10-18
1025,5,2,52.99,2024-10-18
1026,6,1,53.65,2024-10-19
1027,3,3,54.75,2024-10-19
1028,4,1,55.4,2024-10-19
1029,2,3,56.9,2024-10-19
1030,1,2,57.3,2024-10-20
1031,7,1,58.6,2024-10-20
1032,5,3,59.0,2024-10-20
1033,6,2,49.99,2024-10-21
1034,3,1,50.5,2024-10-21
1035,4,3,51.0,2024-10-21
1036,2,2,52.3,2024-10-21
1037,1,1,53.75,2024-10-22
1038,10,3,54.2,2024-10-22
1039,19,1,55.9,2024-10-22
1040,18,3,56.45,2024-10-23
1041,15,2,57.8,2024-10-23
1042,11,1,58.99,2024-10-23
1043,12,3,50.75,2024-10-23
1044,16,2,51.99,2024-10-24
1045,16,1,52.49,2024-10-24
1046,10,3,53.3,2024-10-24
1047,19,2,54.99,2024-10-25
1048,18,1,55.25,2024-10-25
1049,15,3,56.7,2024-10-25
1050,11,1,57.4,2024-10-25
1051,12,3,58.1,2024-10-26
1052,16,2,59.0,2024-10-26
1053,17,1,49.99,2024-10-26
1054,14,3,50.6,2024-10-27
1055,13,3,51.2,2024-10-27
1056,9,2,52.8,2024-10-27
1057,8,1,53.1,2024-10-27
1058,7,3,54.5,2024-10-28
1059,5,2,55.99,2024-10-28
1060,6,1,56.2,2024-10-28
1061,3,3,57.99,2024-10-29
1062,4,1,58.3,2024-10-29
1063,2,3,50.1,2024-10-29
1064,1,2,51.5,2024-10-29
1065,10,1,52.99,2024-10-30
1066,19,3,53.65,2024-10-30
1067,18,2,54.75,2024-10-30
1068,15,1,55.4,2024-10-31
1069,11,3,56.9,2024-10-31
1070,12,2,57.3,2024-10-31
1071,16,1,58.6,2024-10-31
1072,17,3,59.0,2024-11-01
1073,14,1,59.99,2024-11-01
1074,13,3,65.99,2024-11-01
1075,9,2,49.99,2024-11-01
1076,8,1,50.5,2024-11-02
1077,7,3,51.0,2024-11-02
1078,5,2,52.3,2024-11-02
1079,6,1,53.75,2024-11-03
1080,3,3,54.2,2024-11-03
1081,4,2,55.9,2024-11-03
1082,2,1,56.45,2024-11-03
1083,1,3,57.8,2024-11-04
1084,7,1,58.99,2024-11-04
1085,5,3,50.75,2024-11-04
1086,6,2,51.99,2024-11-05
1087,3,1,52.49,2024-11-05
1088,4,3,53.3,2024-11-05
1089,2,2,54.99,2024-11-05
1090,1,1,55.25,2024-11-06
1091,10,3,56.7,2024-11-06
1092,19,2,57.4,2024-11-06
1093,18,1,58.1,2024-11-07
1094,15,3,59.0,2024-11-07
1095,11,1,49.99,2024-11-07
1096,12,3,50.6,2024-11-07
1097,16,2,51.2,2024-11-08
1098,7,1,52.8,2024-11-08
1099,5,3,53.1,2024-11-08
1100,6,2,54.5,2024-11-09
1101,3,1,55.99,2024-11-09
1102,4,3,56.2,2024-11-09
1103,2,2,57.99,2024-11-09
1104,1,1,58.3,2024-11-10
1105,7,3,50.1,2024-11-10
1106,5,1,51.5,2024-11-10
1107,6,3,52.99,2024-11-11
1108,3,2,53.65,2024-11-11
1109,4,1,54.75,2024-11-11
1110,2,3,55.4,2024-11-11
1111,1,2,56.9,2024-11-12
1112,10,1,57.3,2024-11-12
1113,19,3,58.6,2024-11-12
1114,18,2,59.0,2024-11-13
1115,15,1,49.99,2024-11-13
1116,11,3,50.5,2024-11-13
1117,12,1,51.0,2024-11-13
1118,16,3,52.3,2024-11-14
1119,7,2,53.75,2024-11-14
1120,5,1,54.2,2024-11-14
1121,6,3,55.9,2024-11-15
1122,3,2,56.45,2024-11-15
1123,4,1,57.8,2024-11-15
1124,2,3,58.99,2024-11-15
1125,1,2,50.75,2024-11-16
1126,7,1,51.99,2024-11-16
1127,5,3,52.49,2024-11-16
1128,6,1,53.3,2024-11-17
1129,3,3,54.99,2024-11-17
1130,4,2,55.25,2024-11-17
1131,2,1,56.7,2024-11-17
1132,1,3,57.4,2024-11-18
1133,10,2,58.1,2024-11-18
1134,19,1,59.0,2024-11-18
1135,18,3,49.99,2024-11-19
1136,15,2,50.6,2024-11-19
1137,11,1,51.2,2024-11-19
1138,12,3,52.8,2024-11-19
1139,16,1,53.1,2024-11-20
1140,12,3,54.5,2024-11-20
1141,10,2,55.99,2024-11-20
1142,19,1,56.2,2024-11-21
1143,18,3,57.99,2024-11-21
1144,15,2,58.3,2024-11-21
1145,11,1,50.1,2024-11-21
1146,12,3,51.5,2024-11-22
1147,16,2,52.99,2024-11-22
1148,17,1,53.65,2024-11-22
1149,14,3,54.75,2024-11-23
1150,13,1,55.4,2024-11-23
1151,9,3,56.9,2024-11-23
1152,8,2,57.3,2024-11-23
1153,7,1,58.6,2024-11-24
1154,5,3,59.0,2024-11-24
1155,6,3,59.0,2024-11-24
1156,3,2,59.99,2024-11-25
1157,4,1,65.99,2024-11-25
1158,2,3,49.99,2024-11-25
1159,1,2,50.5,2024-11-25
1160,10,1,51.0,2024-11-26
1161,19,3,52.3,2024-11-26
1162,18,1,53.75,2024-11-26
1163,15,3,54.2,2024-11-27
1164,11,2,55.9,2024-11-27
1165,12,1,56.45,2024-11-27
1166,16,3,57.8,2024-11-27
1167,17,2,58.99,2024-11-28
1168,14,1,50.75,2024-11-28
1169,13,3,51.99,2024-11-28
1170,9,2,52.49,2024-11-29
1171,8,1,53.3,2024-11-29
1172,7,3,54.99,2024-11-29
1173,5,1,55.25,2024-11-29
1174,6,3,56.7,2024-11-30
1175,3,2,57.4,2024-11-30
1176,4,1,58.1,2024-11-30
1177,2,3,59.0,2024-12-01
1178,1,2,49.99,2024-12-01
1179,7,1,50.6,2024-12-01
1180,5,3,51.2,2024-12-01
1181,6,2,52.8,2024-12-02
1182,3,1,53.1,2024-12-02
1183,4,3,54.5,2024-12-02
1184,2,1,55.99,2024-12-03
1185,1,3,56.2,2024-12-03
1186,10,2,57.99,2024-12-03
1187,19,1,58.3,2024-12-03
1188,18,3,50.1,2024-12-04
1189,15,2,51.5,2024-12-04
1190,11,1,52.99,2024-12-04
1191,12,3,53.65,2024-12-05
1192,16,2,54.75,2024-12-05
1193,7,1,55.4,2024-12-05
1194,5,3,56.9,2024-12-05
1195,6,1,57.3,2024-12-06
1196,3,3,58.6,2024-12-06
1197,4,2,59.0,2024-12-06
1198,2,1,49.99,2024-12-07
1199,1,3,50.5,2024-12-07
1200,7,2,51.0,2024-12-07
1201,5,1,52.3,2024-12-07
1202,6,3,53.75,2024-12-08
1203,3,2,54.2,2024-12-08
1204,4,1,55.9,2024-12-08
1205,2,3,56.45,2024-12-09
1206,1,1,57.8,2024-12-09
1207,10,3,58.99,2024-12-09
1208,19,2,50.75,2024-12-09
1209,18,1,51.99,2024-12-10
1210,15,3,52.49,2024-12-10
1211,11,2,53.3,2024-12-10
1212,12,1,54.99,2024-12-11
1213,16,3,55.25,2024-12-11
1214,7,2,56.7,2024-12-11
1215,5,1,57.4,2024-12-11
1216,6,3,58.1,2024-12-12
1217,3,1,59.0,2024-12-12
1218,4,3,49.99,2024-12-12
1219,2,2,50.6,2024-12-13
1220,1,1,51.2,2024-12-13
1221,7,3,52.8,2024-12-13
1222,5,2,53.1,2024-12-13
1223,6,1,54.5,2024-12-14
1224,3,3,55.99,2024-12-14
1225,4,2,56.2,2024-12-14
1226,2,1,57.99,2024-12-15
1227,1,3,58.3,2024-12-15
1228,10,1,50.1,2024-12-15
1229,19,3,51.5,2024-12-15
1230,18,2,52.99,2024-12-16
1231,15,1,53.65,2024-12-16
1232,11,3,54.75,2024-12-16
1233,12,2,55.4,2024-12-17
1234,16,1,56.9,2024-12-17
1235,16,3,57.3,2024-12-17
1236,10,2,58.6,2024-12-17
1237,19,1,59.0,2024-12-18
1238,18,3,59.99,2024-12-18
1239,15,1,65.99,2024-12-18
1240,11,3,49.99,2024-12-19
1241,12,2,50.5,2024-12-19
1242,16,1,51.0,2024-12-19
1243,17,3,52.3,2024-12-19
1244,14,2,53.75,2024-12-20
1245,13,1,54.2,2024-12-20
1246,9,3,55.9,2024-12-20
1247,8,2,56.45,2024-12-21
1248,7,1,57.8,2024-12-21
1249,5,3,58.99,2024-12-21
1250,6,1,50.75,2024-12-21
1251,3,3,51.99,2024-12-22
1252,4,2,52.49,2024-12-22
1253,2,1,53.3,2024-12-22
1254,1,3,54.99,2024-12-23
1255,10,3,55.25,2024-12-23
1256,19,2,56.7,2024-12-23
1257,18,1,57.4,2024-12-23
1258,15,3,58.1,2024-12-24
1259,11,2,59.0,2024-12-24
1260,12,1,49.99,2024-12-24
1261,16,3,50.6,2024-12-25
1262,17,1,51.2,2024-12-25
1263,14,3,52.8,2024-12-25
1264,13,2,53.1,2024-12-25
1265,9,1,54.5,2024-12-26
1266,8,3,55.99,2024-12-26
1267,7,2,56.2,2024-12-26
1268,5,1,57.99,2024-12-27
1269,6,3,58.3,2024-12-27
1270,3,2,50.1,2024-12-27
1271,4,1,51.5,2024-12-27
1272,2,3,52.99,2024-12-28
1273,1,1,53.65,2024-12-28
1274,7,3,54.75,2024-12-28
1275,5,2,55.4,2024-12-29
1276,6,1,56.9,2024-12-29
1277,3,3,57.3,2024-12-29
1278,4,2,58.6,2024-12-29
1279,2,1,59.0,2024-12-30
1280,1,3,49.99,2024-12-30
1281,10,2,50.5,2024-12-30
1282,19,1,51.0,2024-12-31
1283,18,3,52.3,2024-12-31
1284,15,1,53.75,2024-12-31
1285,11,3,54.2,2024-12-31
